Country,Year,GDP per Capita,Population(Million),Average Spending on Higher Education (USD/student),Government Expenditure On Education (%),Government Spending Teritary (% Gov Spending),Household Income per Capita,Number of Universities,Primary Enrollment rate (% gross),Secondary Enrollment rate (% gross),Tertiary Enrollment rate (% gross),Population with Tertiary Education (%)
AUS,2015,47226.76,23.815995,20304.37,5.31584,1.5,37553.1967013718,187,101.59991,157.16766,118.61086,48.466274
AUS,2016,50136.8,24.190907,16181.19,5.28623,1.4,38951.6063326653,187,100.74441,153.0132,120.96571,49.30521
AUS,2017,50706.49,24.594202,20273.53,5.13681,1.3,38813.7397010069,187,100.33898,150.31148,113.14216,51.989063
AUT,2012,46477.66,8.426311,16475.7,5.4804,1.8,33296.5271462556,84,100.59906,97.84332,78.93891,36.127834
AUT,2013,47936.68,8.47723,16853.0,5.54711,1.8,33971.8234744652,84,101.21012,99.19738,79.6554,38.666092
AUT,2014,48813.53,8.543932,16867.62,5.44762,1.8,34326.2291407177,84,101.62819,99.66308,79.1587,38.403149
AUT,2015,49942.06,8.629519,17560.62,5.45658,1.8,34413.5343174674,84,101.99748,100.321,80.71942,38.626846
AUT,2016,52665.09,8.739806,18625.0,5.47962,1.8,36227.9556316761,84,102.26436,100.96302,83.45495,39.671021
AUT,2017,54188.36,8.795073,18974.75,5.37159,1.7,36984.3120142911,84,103.11315,100.45521,85.05714,40.324657
BEL,2008,37883.23,10.709108,14650.29,6.33294,1.3,27855.5616655671,142,102.15756,158.74341,62.08624,42.271435
BEL,2009,37751.63,10.796498,15367.01,6.4581,1.4,27868.5374158565,142,102.12756,156.63837,65.26769,42.484257
BEL,2010,39836.53,10.895591,15448.98,6.44259,1.4,28779.4539984626,142,101.92424,156.86153,67.82901,43.801159
BEL,2011,40943.34,10.993609,15666.21,6.43199,1.4,29401.733558232,142,101.9468,156.63316,69.84253,42.455688
BEL,2013,43672.71,11.125033,17466.72,6.63053,1.4,31616.3791892908,142,103.82197,160.91924,72.11549,42.663147
BEL,2014,44929.93,11.179778,17808.27,6.59047,1.5,32229.0357017547,142,103.64806,162.29935,72.9974,44.239079
BEL,2015,46201.69,11.238474,17469.7,6.45157,1.4,32596.7529692703,142,103.15581,163.93472,74.55976,43.144318
BEL,2016,48599.2,11.295003,18608.13,6.46173,1.4,33824.037119115,142,103.31777,161.03316,75.89064,44.311111
BEL,2017,50442.95,11.349081,19531.09,6.42534,1.5,34777.2243507391,142,103.90557,158.54185,79.66173,45.725086
CAN,2013,44298.51,35.082954,22150.64,4.58901,1.3,30676.6738575626,383,100.34071,109.48599,65.3323,57.603394
CAN,2014,45753.78,35.437435,21330.88,4.84359,1.7,31379.9103324558,383,101.53666,109.3331,65.61291,57.725277
CAN,2015,44670.05,35.702908,21810.46,4.73938,1.6,31939.5398254005,383,102.48508,110.35653,64.78696,59.182831
CAN,2016,46472.37,36.109487,24448.94,4.81642,1.6,33594.3016547497,383,101.02387,112.51428,66.43918,60.582603
CAN,2017,48317.19,36.545236,24517.08,4.95997,1.7,34554.2781197279,383,100.94368,113.76286,68.92251,60.916767
CHE,2012,59440.93,7.996861,24848.25,4.85835,1.3,37098.346737892,103,103.15372,96.48052,55.52047,39.260506
CHL,2009,16028.55,16.881078,6233.566,4.23065,0.7,11106.2665453651,130,106.50496,88.97956,60.9115,21.646658
CHL,2011,20235.57,17.254159,7851.805,4.04519,0.9,13349.6207468583,130,103.40725,90.46908,72.27679,22.483852
CHL,2013,22295.74,17.611902,7973.535,4.52943,1.2,15937.1450363971,130,101.45874,99.59392,79.95629,27.27248
CHL,2015,22563.58,17.971423,6731.183,4.87531,1.3,15766.6425539399,130,100.68484,101.78093,85.26672,29.874573
CHL,2017,24479.46,18.419192,9433.091,5.41966,1.4,16874.5754201648,130,101.43016,101.83142,88.46442,33.726387
CRI,2013,15542.37,4.71316814141015,8235.508,6.6874,1.4,12262.593207226,68,112.32019,114.39269,49.00672,28.275383
CZE,2008,27853.55,10.429692,8179.323,3.72719,0.9,17934.5260469879,64,105.73485,94.14958,58.06951,17.674837
CZE,2009,27635.96,10.491492,8403.461,4.14606,1.0,18629.1187017599,64,105.97286,93.85027,61.07541,20.240141
CZE,2010,27766.98,10.517247,7953.911,4.0335,0.9,19246.2639273033,64,103.80442,94.65642,63.94588,22.630354
CZE,2011,28999.75,10.496672,9478.244,4.24209,1.1,19394.281379418,64,100.76086,95.79879,65.57001,25.124683
CZE,2012,29258.9,10.509286,10421.61,4.22071,1.0,19842.0680912546,64,99.36768,96.79181,65.67117,27.832432
CZE,2013,30828.53,10.510719,10307.66,4.04676,0.9,20841.7471910034,64,98.74181,103.99895,65.08577,29.195036
CZE,2014,32504.22,10.524783,10490.26,3.96523,0.8,21889.7964426235,64,98.66823,104.69722,65.6241,29.88735
CZE,2015,33909.31,10.542942,10960.24,5.75182,0.8,22313.3932226,64,99.51668,105.0893,64.48163,31.010311
CZE,2016,36101.29,10.565284,10193.64,5.55373,0.7,23663.6652875739,64,100.20888,104.63481,63.74813,32.564495
CZE,2017,38842.9,10.589526,11440.47,3.80616,0.7,25424.300200146,64,100.67099,103.49158,64.07869,33.821026
DEU,2013,44993.67,80.645605,16950.21,4.93539,1.3,34223.5237813673,461,100.83825,100.81089,61.38684,29.995255
DEU,2014,47011.28,80.982495,17145.03,4.92102,1.3,35129.6869781155,461,100.53864,99.71072,65.50391,28.422802
DEU,2015,47609.56,81.686608,17062.67,4.85515,1.3,35492.3964342778,461,101.66745,98.82264,67.74687,29.588667
DEU,2016,50579.48,82.348669,17800.29,4.83923,1.3,37893.9618546332,461,102.67756,98.812,69.58059,30.527618
DEU,2017,53071.48,82.657,18381.67,4.87183,1.3,39272.160169021,461,104.02236,98.40928,70.24665,31.308737
DNK,2008,41283.0,5.489022,17815.58,7.47605,2.1,24628.5000223929,81,99.61479,117.84123,75.68209,36.165295
DNK,2009,40332.52,5.519441,18928.49,8.44888,2.3,25269.4115683377,81,99.56537,117.97562,74.28376,37.435608
DNK,2010,43006.15,5.543819,19552.1,8.55955,2.3,27066.7323754663,81,99.58201,119.49685,73.59667,37.608952
DNK,2011,44407.94,5.566856,21888.02,8.48486,2.4,27671.8631486807,81,100.78067,122.69902,76.75835,38.600784
DNK,2013,46742.94,5.608784,15697.53,8.49443,2.3,29302.6636572859,81,101.54556,129.33804,80.93104,40.929459
DNK,2014,47905.48,5.639719,15626.23,7.63485,2.3,29543.8327968615,81,101.29423,129.32817,81.02908,42.130608
DNK,2017,55356.49,5.760694,20178.83,7.75244,2.5,33441.2777459902,81,101.26809,129.07748,80.61602,45.537395
ESP,2008,33242.25,45.983169,13075.95,4.52806,1.0,23317.348625525,276,104.6608,115.52629,69.74542,40.047447
ESP,2009,32089.53,46.36755,13254.87,4.912,1.1,22991.2041823045,276,104.58888,115.02879,71.58433,39.458729
ESP,2010,31690.89,46.562483,13191.53,4.85608,1.1,22897.5511488067,276,103.97558,119.11595,75.91095,40.312317
ESP,2011,31872.36,46.736257,13024.6,4.89692,1.1,22982.971416413,276,104.55565,120.93325,80.03797,40.311493
ESP,2012,31724.79,46.766403,12083.02,4.46934,1.0,22402.2051335687,276,105.24018,122.83753,82.27033,40.386406
ESP,2013,32463.12,46.593236,12699.14,4.35102,1.0,23021.399352256,276,108.19378,123.1873,83.72564,41.089592
ESP,2014,33558.98,46.455123,12524.1,4.30338,1.0,23479.1030734388,276,107.15204,123.37487,85.44627,41.477402
ESP,2015,34945.48,46.410149,12663.99,4.28657,1.0,24640.7765484176,276,106.36399,124.96066,85.61178,40.959778
ESP,2016,37333.06,46.449874,12866.65,4.22764,0.9,26018.3906627201,276,104.21417,126.19046,86.51608,40.980919
ESP,2017,39601.48,46.532869,13430.39,4.20778,0.9,27136.4617871495,276,102.71029,126.0045,88.85301,42.644691
EST,2008,22780.01,1.33709,5842.527,5.48404,1.1,15100.4988501364,31,101.61071,102.26793,66.44184,35.746883
EST,2009,20459.91,1.334515,4656.186,5.96005,1.3,14353.0411603165,31,103.06117,102.73762,66.63192,36.644875
EST,2010,21588.77,1.331475,6749.938,5.51779,1.2,14690.8505453895,31,103.03214,105.28926,68.18451,38.010132
EST,2011,24515.49,1.327439,8059.716,5.01449,1.2,15645.2209917286,31,101.71394,107.36883,70.36909,38.927837
EST,2012,25946.94,1.322696,8489.831,4.71772,1.0,16236.751515705,31,100.95449,107.81157,72.37507,40.079975
EST,2013,27418.69,1.317997,11797.95,4.84388,1.4,17465.7408318809,31,99.56826,108.16742,73.92123,40.439819
EST,2014,28917.83,1.314545,11964.51,4.39433,1.4,18319.1519276539,31,98.00723,108.4099,73.30776,40.421608
EST,2015,29222.75,1.314608,12905.99,5.14419,1.4,19321.3291478592,31,97.14641,111.04143,72.16762,40.508533
EST,2016,31310.15,1.31579,13042.96,5.15764,1.4,20727.3170053457,31,97.1178,115.01412,71.39045,41.048111
EST,2017,33867.8,1.317384,14523.48,4.96132,1.1,21826.4676290509,31,97.23017,116.87475,69.04592,43.041157
FIN,2008,40083.7,5.313398,15525.89,5.8301,1.8,25978.2415448409,42,98.97755,108.60678,94.69184,38.289055
FIN,2009,37972.46,5.338867,16731.92,6.45956,2.1,26334.7298434393,42,99.21357,107.47555,91.29066,39.388084
FIN,2010,38954.13,5.363341,17172.83,6.50445,2.1,27630.5537928286,42,99.48232,107.58606,93.44781,39.207012
FIN,2011,40916.65,5.388272,18181.89,6.44505,2.1,28489.4495067786,42,99.75524,108.09777,94.91993,39.377258
FIN,2012,40872.85,5.413967,18045.93,7.14804,2.0,29373.983871873,42,100.34098,108.24276,92.87735,39.749657
FIN,2013,41492.92,5.438975,18017.69,7.12404,2.0,30093.2105440337,42,100.34415,144.28612,90.99419,39.992779
FIN,2014,41749.86,5.461507,17874.63,7.10237,2.0,30263.2133645628,42,100.62072,146.42757,88.88166,40.308151
FIN,2015,42490.21,5.479528,17619.86,7.03208,1.9,30849.1223441098,42,100.56079,150.01987,87.67987,40.524899
FIN,2016,44934.49,5.495297,17903.9,6.85153,1.8,32273.2230052653,42,100.41884,152.16286,86.97852,41.13372
FIN,2017,47570.27,5.508209,17726.42,6.36311,1.7,33377.1258240619,42,100.15464,153.96358,88.19783,41.253643
FRA,2017,44444.93,66.883314,16870.73,5.4516,1.2,34316.3133231532,625,102.41722,103.75608,65.80223,44.34428
GBR,2013,39968.1,64.105654,25613.55,5.50078,1.3,29252.6844068104,337,107.112,123.77629,57.03876,48.31358
GBR,2014,41281.54,64.596752,24345.55,5.56451,1.4,29726.9653840956,337,102.25555,126.3899,56.5645,49.185982
GBR,2015,42500.91,65.110034,26506.35,5.51411,1.3,30915.3038284633,337,101.92527,124.524,56.45849,49.943413
GBR,2017,46061.35,66.040229,28042.59,5.38499,1.4,32417.6286543526,337,101.15456,125.85187,59.99557,51.624851
GRC,2017,28604.83,10.754679,3300.047,3.47709,0.6,20670.2957565597,66,99.55348,104.49627,136.60257,42.479965
HUN,2012,23267.45,9.920364,9039.39,4.14112,0.8,16531.7521255845,69,99.69793,98.06066,61.46318,30.430923
HUN,2013,24547.98,9.893083,10373.97,4.18773,0.9,17193.9172733869,69,99.98496,104.71535,57.06502,30.876373
HUN,2014,25691.53,9.866466,8647.33,4.6004,0.8,17543.0656817193,69,101.85692,104.18991,52.01587,32.109055
HUN,2015,26798.85,9.843025,8815.057,4.4941,0.6,17974.1857660738,69,102.32512,103.03062,48.96214,32.12635
HUN,2016,27941.93,9.814026,11508.38,4.61454,0.7,18933.3220072533,69,101.87881,102.71395,48.03886,30.400248
HUN,2017,29496.16,9.787969,12719.93,4.6141,0.8,19791.3476692934,69,100.80547,103.48996,48.50038,30.162258
IRL,2011,45132.18,4.574888,16259.33,5.82904,1.3,24627.0603862338,71,103.37868,115.83373,67.79859,47.42931
IRL,2012,46304.78,4.593697,15621.69,5.75269,1.2,25361.1710239569,71,102.11834,117.75219,68.19725,49.205013
IRL,2014,51296.93,4.64544,13701.82,4.8785,1.0,24714.5568262461,71,101.54224,116.7391,73.81323,50.768299
IRL,2015,69305.54,4.687787,16538.72,3.75877,0.9,25600.0521262605,71,101.18464,116.98987,77.23215,52.004166
IRL,2016,71505.75,4.739597,16789.72,3.74212,0.7,27110.9970518298,71,101.34149,117.02872,77.55714,53.430691
IRL,2017,78252.21,4.79249,16724.26,3.50929,1.0,28262.878069452,71,100.85278,125.30712,77.78062,53.473541
ITA,2008,35292.6,59.211183,9588.23,4.38795,0.8,27278.6877676168,289,104.2742,101.10097,66.3436,19.90484
ITA,2009,34335.93,59.555456,9775.04,4.52372,0.8,26562.2675926709,289,103.4859,101.41655,66.54997,20.160688
ITA,2010,34838.14,59.819402,10054.48,4.33412,0.8,27571.6441374622,289,102.99371,102.90382,65.7743,20.719744
ITA,2011,36203.33,60.026844,10676.13,4.11568,0.8,27784.7962102831,289,102.50435,103.33157,65.56312,20.983423
ITA,2012,36091.37,60.191243,10669.36,4.05602,0.8,27218.0306179349,289,101.29194,102.03334,64.13355,22.250719
ITA,2013,36267.93,60.311616,11303.19,4.14367,0.8,27534.8619152625,289,101.89729,102.40899,62.29616,22.744907
ITA,2014,36475.98,60.320708,11438.88,4.06128,0.8,27373.3502265311,289,101.15142,102.28106,61.70275,24.158854
ITA,2015,37206.33,60.229599,11318.01,4.07363,0.8,27712.0793376367,289,100.38675,102.25627,60.93946,25.149963
ITA,2016,40267.22,60.11522,11808.92,3.81579,0.7,29475.2915213786,289,99.42546,101.66235,60.93733,25.584146
ITA,2017,41951.47,60.002254,12166.71,4.04494,0.8,30434.9588642575,289,101.87936,101.27041,61.933,26.816479
JPN,2013,39436.68,127.413888,19878.59,3.62497,0.7,30474.3522723057,992,100.26113,101.55501,62.11674,58.368496
JPN,2014,39559.76,127.23715,19486.8,3.55159,0.7,30032.2094939555,992,99.5687,101.41521,62.94143,58.585857
JPN,2016,40642.7,127.041812,18667.67,3.14643,0.6,29290.3455991883,992,98.24278,102.37202,63.58444,60.120392
JPN,2017,41531.22,126.918546,18888.4,3.13058,0.6,29915.5926235433,992,97.71049,102.49451,63.80704,60.426178
KOR,2015,37902.36,51.014947,10267.51,4.454238,0.9,23958.2968282339,401,98.78454,100.0078,94.33984,68.861946
KOR,2016,39575.3,51.217803,10531.77,4.3331,0.9,24190.5977330586,401,97.71842,100.48505,94.03362,69.851555
LTU,2008,20721.03,3.198231,5991.126,4.8399,1.0,15823.2323336808,40,99.49927,106.10878,85.74509,41.594246
LTU,2009,18117.66,3.162916,5925.511,5.58524,1.1,15040.6753266551,40,99.94983,104.75588,89.25217,43.724075
LTU,2010,20096.63,3.097282,7166.076,5.29786,1.3,16206.7324319268,40,100.4215,105.06827,86.57257,46.317448
LTU,2011,22884.95,3.028115,9132.111,5.11343,1.5,17293.5748328713,40,101.25184,106.00816,84.05559,48.213768
LTU,2012,24703.7,2.987773,8963.914,4.75803,1.4,18333.5478353043,40,101.85441,106.17351,79.75163,48.577328
LTU,2013,26721.6,2.957689,9146.985,4.60233,1.3,19736.4197762918,40,101.75458,108.99441,73.5332,50.487457
LTU,2014,28184.5,2.932367,10049.41,4.48658,1.3,20332.6277580693,40,101.57557,108.18478,70.40061,52.552208
LTU,2015,28834.46,2.90491,9694.953,4.22719,1.2,21186.4224513898,40,102.08926,107.67293,69.74054,54.769646
LTU,2016,30925.15,2.868231,7852.196,4.00431,0.8,23290.2509387044,40,102.8918,107.42977,71.11852,54.926018
LTU,2017,33761.91,2.828403,8412.116,3.8122,0.8,24464.7840278734,40,103.87475,108.40176,72.41746,55.625957
LUX,2015,107898.3,0.569605,49516.46,3.76792,0.5,43476.1403979943,5,98.97225,102.31936,19.77631,49.945854
LUX,2017,114862.53,0.596337,51851.05,3.48646,0.5,46535.0945475953,5,102.28595,103.65505,19.15177,51.395588
LVA,2008,19569.53,2.177324,6341.639,5.36645,0.9,14681.8275756788,55,103.5486,104.89757,72.36354,28.819571
LVA,2009,17022.09,2.141668,4945.85,5.52266,0.8,12783.556847413,55,102.9181,99.4204,73.05489,31.628628
LVA,2010,17709.03,2.097553,5853.362,5.03882,0.8,13304.413241548,55,102.9586,102.82216,69.05104,34.697613
LVA,2011,19256.8,2.05971,7454.226,5.07162,1.0,13227.5267602783,55,102.28565,105.56579,67.95347,35.106369
LVA,2012,21297.47,2.034324,7411.222,6.58271,1.4,14457.2565638527,55,101.04871,106.3448,66.64355,38.724171
LVA,2013,22637.2,2.012647,8051.465,6.99697,1.4,15351.1414007683,55,100.38627,114.77681,69.0766,40.700375
LVA,2014,23810.22,1.993785,8973.597,5.28123,1.1,16226.3362357635,55,99.85282,113.70693,70.89794,39.436726
LVA,2015,24975.48,1.977523,10222.25,5.28252,1.2,17350.2032922342,55,99.39332,112.35665,74.29988,39.870365
LVA,2016,26724.46,1.959535,7601.488,4.6575,0.8,18769.0733832418,55,99.19855,111.29681,80.60481,42.097309
LVA,2017,28689.62,1.942247,8342.391,4.36671,0.7,19936.9326307317,55,99.36784,110.72325,88.05743,41.608852
MEX,2008,14859.23,110.405454,7503.77,4.82007,0.9,12568.1671610104,1139,109.42442,86.42753,26.11203,16.384148
MEX,2009,14497.97,112.095388,12622.58,5.18794,1.0,12607.3875540451,1139,110.54528,85.93801,26.58673,17.244875
MEX,2010,15228.5,113.748671,8125.486,5.15922,1.0,13016.870200678,1139,110.63349,87.06992,27.56347,17.700443
MEX,2011,16521.77,115.367452,7589.81,5.10565,0.9,14019.8091528035,1139,110.54076,88.19018,28.3415,18.792442
MEX,2012,17195.06,116.93567,8187.961,5.1031,1.0,14254.2918806315,1139,110.41345,90.6672,29.47184,20.029097
MEX,2013,17437.04,118.453929,8352.56,4.69605,1.0,14573.6425152634,1139,109.44148,93.32755,30.30004,20.856949
MEX,2014,18153.35,119.936411,8900.553,5.25747,1.1,15097.5994696487,1139,108.00575,97.34338,31.09414,20.312202
MEX,2015,18430.22,121.3478,8379.113,5.22942,1.1,16019.1715786225,1139,106.60611,100.83274,31.81904,20.806568
MEX,2016,19791.26,122.715165,7554.652,4.90682,1.0,17120.3791370086,1139,106.27773,102.40406,38.43338,21.791378
MEX,2017,20201.86,124.041731,6554.888,4.51822,0.9,16924.6331971956,1139,105.77001,104.38503,40.22896,22.555721
NLD,2015,50288.35,16.939925,19396.59,5.34816,1.6,32193.9574422192,129,102.6976,114.22227,80.56992,46.253574
NLD,2016,52289.4,17.030314,19873.65,5.4796,1.7,33258.2891477411,129,103.28676,113.75705,80.36484,46.487251
NLD,2017,55089.58,17.131295,20349.3,5.1751,1.6,34379.9581297719,129,104.22962,116.40947,84.98045,47.994652
NOR,2008,62075.51,4.768215,18613.2,6.28522,2.0,29772.3011634362,47,99.26473,112.57491,72.59347,45.578697
NOR,2009,55617.68,4.828716,19037.96,7.10337,2.2,30494.5738619126,47,99.15568,111.31356,73.17962,46.829773
NOR,2010,58229.71,4.889253,18854.81,6.74634,2.0,31286.6999099862,47,99.08012,112.60663,73.49386,47.255039
NOR,2011,62461.2,4.953089,18972.52,6.45452,1.9,32290.4705672169,47,99.40241,112.18761,73.66792,46.807133
NOR,2013,67372.93,5.080171,21179.18,7.48535,2.0,35727.9216883881,47,100.22356,113.18486,76.50003,46.648712
NOR,2014,66335.46,5.137427,21009.11,7.69504,2.2,36475.0995000899,47,99.82749,112.76671,77.5435,49.008167
NOR,2015,60721.58,5.189898,20552.46,7.56933,2.0,36417.8177885806,47,99.90493,114.64604,77.95894,48.138676
NOR,2016,59263.43,5.236152,22448.29,8.03055,2.1,36933.1220070835,47,100.22588,116.22799,80.54654,48.614609
NOR,2017,64589.16,5.276965,23851.97,7.91198,2.1,39225.3396381929,47,100.26021,116.87442,81.99235,48.337029
NZL,2014,37084.79,4.5165,14807.42,6.34243,1.6,24986.6895967349,53,97.6213,115.38464,77.9813,40.402225
NZL,2015,37246.95,4.6094,14814.79,6.32506,1.6,25507.7308466571,53,97.94278,114.74609,80.56338,39.066757
NZL,2016,39696.95,4.7141,15549.48,6.41179,1.5,27383.1380016027,53,98.82145,114.35969,81.77039,43.396225
NZL,2017,41994.49,4.8136,16870.4,6.25974,1.5,28766.3469770512,53,99.97476,114.59004,82.03322,44.158596
PRT,2008,26665.77,10.5581765,9601.587,4.69609,0.9,20962.2802400836,109,115.68991,103.69304,61.6109,23.173708
PRT,2009,26459.29,10.5682465,9610.51,5.56315,1.0,21057.6977695092,109,113.17334,105.90389,62.64161,23.341423
PRT,2010,27260.55,10.5731,10260.04,5.41249,1.1,21540.8992455374,109,111.58922,106.75214,65.60205,24.804928
PRT,2011,26769.43,10.5745355,9492.552,5.12333,1.0,20912.3618634376,109,110.76992,106.58557,68.42896,26.924166
PRT,2013,27936.01,10.4739905,11093.86,5.27097,0.9,21837.3289527493,109,109.51831,119.45542,66.13674,29.313473
PRT,2014,28742.31,10.4196065,11788.34,5.124,0.9,21837.8311403924,109,108.10259,116.0811,65.50357,31.439877
PRT,2015,29660.85,10.3818375,11823.4,4.88554,0.9,22627.6719074527,109,106.96263,118.76918,61.75633,33.139576
PRT,2017,33044.7,10.340124,11773.56,5.01561,0.8,24508.1272061617,109,106.18313,119.91319,63.93581,34.031322
SVK,2008,23608.98,5.406972,6540.994,3.52165,0.8,16057.5025318877,36,103.95,91.7409,53.75125,18.438622
SVK,2009,22947.25,5.418374,6728.451,4.00641,0.8,16397.9920171721,36,102.94312,91.67635,56.04681,20.587223
SVK,2010,25221.41,5.431024,7191.161,4.06091,0.8,18167.631520249,36,101.44802,92.26112,57.06673,24.029381
SVK,2011,26260.18,5.398384,8210.5,3.9152,0.9,18149.4152466417,36,100.30396,92.5989,56.24748,25.505198
SVK,2012,27000.73,5.407579,9281.666,3.87419,0.9,18730.3588332011,36,100.52924,92.596,56.14001,26.97694
SVK,2013,28021.09,5.4133925,10224.65,4.08405,1.0,19313.8615727626,36,100.58761,90.81761,54.36053,29.674646
SVK,2014,29029.59,5.418649,11233.52,4.23041,1.0,19547.5004635222,36,99.76804,90.67749,52.68478,29.826096
SVK,2015,30062.18,5.4238005,15912.01,4.59206,1.4,20429.6911624193,36,98.493,90.98054,50.70005,31.312998
SVK,2016,29737.53,5.4307975,10979.71,3.91287,0.8,19929.4241270533,36,97.85217,91.25234,47.79592,33.372261
SVK,2017,30147.02,5.4392315,11404.55,3.94278,0.8,20040.4252565413,36,98.73205,91.06786,46.63439,35.065048
SVN,2010,27822.23,2.049261,8981.961,5.54546,1.3,20514.5615964384,55,99.49639,98.94939,89.15319,31.307655
SVN,2011,28931.42,2.052496,9863.648,5.54126,1.3,21101.6947420126,55,99.85341,98.89345,86.01755,33.815281
SVN,2012,29048.33,2.056262,10014.54,5.62023,1.2,21099.8159503327,55,100.29448,98.36042,87.01796,35.340069
SVN,2013,29979.62,2.059114,9864.965,5.40573,1.1,21370.2866124536,55,99.94418,111.06486,85.28806,37.393593
SVN,2014,30872.73,2.061623,10036.78,5.2917,1.0,21463.6483836056,55,99.71509,110.48546,82.23113,38.080215
SVN,2015,31631.84,2.063077,10255.7,4.90953,1.0,21849.1224395046,55,99.94983,110.32409,80.26099,40.758549
SVN,2016,33942.77,2.064241,11487.92,4.79267,0.9,23387.7505619115,55,99.83801,115.93011,77.84908,42.977364
SVN,2017,36517.58,2.066161,12729.93,4.78054,0.9,24665.9046039776,55,100.39674,115.60043,78.589,44.566971
SWE,2008,42158.3,9.219639,20305.3,6.34455,1.7,27299.4719903457,46,98.71492,101.3035,70.73696,40.831505
SWE,2009,40279.88,9.298512,20755.08,6.74971,1.9,27267.4923466228,46,99.90296,99.48973,70.74316,42.351131
SWE,2010,42221.76,9.378131,20634.92,6.52269,1.9,27803.1072259192,46,101.43764,98.12031,73.67311,42.23127
SWE,2011,44608.58,9.449216,21083.55,6.36692,1.9,28934.1725000991,46,100.42846,96.97975,72.8254,42.86599
SWE,2012,45432.43,9.519379,23141.57,7.53697,1.9,30565.8161485949,46,101.92393,98.14225,68.81765,43.473869
SWE,2013,46312.4,9.600374,23817.13,7.61121,1.9,30645.2417356805,46,120.42475,128.55638,63.21716,44.817905
SWE,2014,47184.67,9.696105,24508.78,7.57373,1.9,31112.0448611177,46,120.85811,132.94212,62.18059,45.978123
SWE,2015,49103.13,9.799183,24679.15,7.4439,1.9,31745.7773891178,46,122.93745,140.43677,62.28248,46.408928
SWE,2016,50430.25,9.923086,24841.31,7.61862,1.8,32921.1457324689,46,124.85105,144.90935,63.54802,47.215698
SWE,2017,51947.96,10.057695,25200.3,7.56883,1.8,33389.3591869523,46,126.57538,152.86069,66.98824,47.388306
USA,2013,53116.52,316.059947,27578.87,6.2509317,1.3,43860.8338657643,3180,99.45544,96.18649,88.72642,44.779469
USA,2014,54914.37,318.386329,29328.23,6.137388,1.4,45786.2932500211,3180,99.67338,96.92454,88.62687,45.663815
USA,2015,56520.61,320.738994,30001.31,4.95341,1.4,47228.4902068529,3180,100.29991,97.65255,88.88941,46.517712
USA,2016,57592.69,323.071755,31306.91,4.79815,1.2,48258.3778946363,3180,101.36286,98.76993,88.83505,47.521809
USA,2017,59589.23,325.122128,33063.35,5.10922,1.5,50047.2032368598,3180,101.82144,98.95234,88.16739,47.757
